model,batch_size,parameter_count,latency_mean_ms,latency_median_ms,latency_p95_ms,throughput_snapshots_per_second,peak_allocated_mib,incremental_peak_allocated_mib
native-hattrick,1,20105,45.07316780090332,45.16230392456055,48.36201801300049,22.18614862876265,45.251953125,7.5439453125
native-hattrick,16,20105,77.50364921569825,77.32425689697266,81.22603302001953,206.44189224523927,144.59619140625,106.25390625
native-hattrick,20,20105,85.93473403930665,85.86905670166016,90.19172592163086,232.73476346423527,172.48974609375,133.9775390625
hattrick-la-e52,1,20995,46.472470703125,46.87318420410156,49.316300773620604,21.51811566869751,45.28662109375,7.572265625
hattrick-la-e52,16,20995,78.96086158752442,79.06164932250977,82.37423210144043,202.63203412825922,145.0537109375,106.705078125
hattrick-la-e52,20,20995,87.69373329162597,87.17838287353516,91.80125465393066,228.06646779981295,173.06005859375,134.54150390625
virtual-medium-dual,1,20995,48.70102340698242,48.776174545288086,52.917193603515614,20.533449402967307,45.28662109375,7.572265625
virtual-medium-dual,16,20995,78.22381500244141,77.78211212158203,82.77746429443359,204.5412896251689,145.0537109375,106.705078125
virtual-medium-dual,20,20995,86.42024040222168,86.35380935668945,92.67709197998047,231.42726642410315,173.06005859375,134.54150390625
