snapshot,class,admitted_traffic,demand,fulfill_ratio,oracle_admitted_traffic,norm_fulfill,raw_mlu,oracle_mlu,normalized_mlu,disabled_flow,admitted_capacity_ratio
400,High,41.588478088378906,45.57480239868164,0.9125322699546814,41.773590087890625,0.9955686926841736,1.0000001192092896,1.7278752326965332,0.5787455439567566,0.0,1.0000001192092896
401,High,42.504608154296875,46.099605560302734,0.9220167398452759,42.62327575683594,0.9972158670425415,1.0000001192092896,1.846089243888855,0.5416857004165649,0.0,1.0000001192092896
402,High,43.04108428955078,46.51651382446289,0.9252861142158508,43.18778991699219,0.9966030716896057,1.0000003576278687,1.773905634880066,0.5637280344963074,0.0,1.0000003576278687
403,High,41.66779708862305,45.1319580078125,0.9232437014579773,41.76030349731445,0.9977848529815674,1.0000003576278687,1.7690030336380005,0.5652903318405151,0.0,1.0000003576278687
404,High,40.973228454589844,44.697906494140625,0.9166699647903442,41.22837829589844,0.993811309337616,1.0000001192092896,1.6488354206085205,0.6064887642860413,0.0,1.0000001192092896
405,High,41.70439910888672,45.85696029663086,0.9094453454017639,41.891109466552734,0.9955429434776306,1.0,1.7663439512252808,0.5661411285400391,0.0,1.0
406,High,40.30642318725586,43.98003387451172,0.9164709448814392,40.47027587890625,0.9959512948989868,1.000000238418579,1.6935205459594727,0.5904860496520996,0.0,1.000000238418579
407,High,40.30060577392578,43.46099853515625,0.9272820949554443,40.42744064331055,0.9968626499176025,0.9999998211860657,1.5797492265701294,0.6330117583274841,0.0,0.9999998211860657
408,High,40.17993927001953,42.881805419921875,0.9369927048683167,40.206241607666016,0.9993458390235901,1.0000003576278687,1.533264398574829,0.6522034406661987,0.0,1.0000003576278687
409,High,40.59202194213867,43.73356628417969,0.9281662702560425,40.71149444580078,0.9970653653144836,1.000000238418579,1.4927631616592407,0.6698988080024719,0.0,1.000000238418579
410,High,41.76797866821289,44.922420501708984,0.9297802448272705,41.8758430480957,0.9974241852760315,1.0,1.4732695817947388,0.6787623763084412,0.0,1.0
411,High,41.25437545776367,43.658870697021484,0.9449253678321838,41.347801208496094,0.9977405071258545,1.0,1.447218656539917,0.6909806132316589,0.0,1.0
412,High,40.04069137573242,42.69314956665039,0.9378715753555298,40.125614166259766,0.9978835582733154,1.0000001192092896,1.5336265563964844,0.6520493030548096,0.0,1.0000001192092896
413,High,39.51131057739258,41.97462463378906,0.9413142204284668,39.51884460449219,0.9998093843460083,1.0,1.5214266777038574,0.6572778224945068,0.0,1.0
414,High,39.59514236450195,41.58016586303711,0.9522603154182434,39.595436096191406,0.9999926090240479,1.000000238418579,1.3894360065460205,0.7197166681289673,0.0,1.000000238418579
415,High,39.23384094238281,41.27081298828125,0.95064377784729,39.23397445678711,0.9999966025352478,1.000000238418579,1.4078569412231445,0.7102996110916138,0.0,1.000000238418579
416,High,38.015586853027344,39.73426818847656,0.9567456245422363,38.015647888183594,0.9999983906745911,1.0000001192092896,1.356195092201233,0.7373571395874023,0.0,1.0000001192092896
417,High,38.08061599731445,39.70400619506836,0.9591127038002014,38.080902099609375,0.9999924898147583,1.0000001192092896,1.3305509090423584,0.7515684962272644,0.0,1.0000001192092896
418,High,36.973365783691406,38.790985107421875,0.9531432390213013,36.973419189453125,0.9999985694885254,1.000000238418579,1.3786594867706299,0.7253424525260925,0.0,1.000000238418579
419,High,37.28278350830078,38.974910736083984,0.9565842151641846,37.28286361694336,0.9999978542327881,1.000000238418579,1.3490700721740723,0.741251528263092,0.0,1.000000238418579
400,Medium,23.551488876342773,40.628265380859375,0.5796823501586914,24.583816528320312,0.9580078125,1.0000001192092896,3.2141096591949463,0.3111281991004944,0.0,1.0000001192092896
401,Medium,23.773717880249023,41.38541030883789,0.5744468569755554,24.992332458496094,0.9512404799461365,1.0000001192092896,3.5123562812805176,0.2847091853618622,0.0,1.0000001192092896
402,Medium,24.20001220703125,41.251407623291016,0.5866469144821167,25.460670471191406,0.9504860639572144,1.0000003576278687,3.431577682495117,0.29141125082969666,0.0,1.0000003576278687
403,Medium,22.980079650878906,40.52296447753906,0.5670878291130066,24.267559051513672,0.9469465017318726,1.0000003576278687,3.3813321590423584,0.2957415282726288,0.0,1.0000003576278687
404,Medium,22.86500358581543,40.07636642456055,0.5705358386039734,24.088844299316406,0.9491947293281555,1.0000001192092896,3.1774985790252686,0.3147130012512207,0.0,1.0000001192092896
405,Medium,22.876176834106445,40.68198013305664,0.5623171925544739,24.199779510498047,0.9453051686286926,1.0000001192092896,3.3876380920410156,0.2951909601688385,0.0,1.0000001192092896
406,Medium,22.316312789916992,39.240108489990234,0.5687118172645569,23.508407592773438,0.9492906928062439,1.000000238418579,3.1792373657226562,0.31454092264175415,0.0,1.000000238418579
407,Medium,22.194692611694336,38.75175857543945,0.5727402567863464,23.411922454833984,0.948008120059967,1.000000238418579,2.9744250774383545,0.33619949221611023,0.0,1.000000238418579
408,Medium,22.25819969177246,38.27203369140625,0.5815787315368652,23.525959014892578,0.946112334728241,1.0000003576278687,2.8825292587280273,0.34691768884658813,0.0,1.0000003576278687
409,Medium,22.467350006103516,39.098880767822266,0.574629008769989,23.645050048828125,0.9501925110816956,1.000000238418579,2.8395140171051025,0.3521730303764343,0.0,1.000000238418579
410,Medium,23.009599685668945,40.306732177734375,0.5708624720573425,24.242855072021484,0.9491291046142578,1.0000001192092896,2.789792060852051,0.35844969749450684,0.0,1.0000001192092896
411,Medium,22.918319702148438,39.041133880615234,0.5870300531387329,23.971168518066406,0.9560785293579102,1.0000001192092896,2.7802321910858154,0.35968223214149475,0.0,1.0000001192092896
412,Medium,22.429418563842773,38.23073959350586,0.5866854190826416,23.908977508544922,0.9381170272827148,1.0000001192092896,2.905379295349121,0.3441891670227051,0.0,1.0000001192092896
413,Medium,22.81491470336914,37.70672607421875,0.6050621867179871,23.952991485595703,0.952487051486969,1.0000001192092896,2.9069035053253174,0.3440087139606476,0.0,1.0000001192092896
414,Medium,23.145261764526367,37.231597900390625,0.6216564178466797,24.28360366821289,0.9531230330467224,1.000000238418579,2.6250622272491455,0.3809434473514557,0.0,1.000000238418579
415,Medium,22.865781784057617,36.87131118774414,0.6201510429382324,23.990734100341797,0.9531089067459106,1.0000003576278687,2.670602321624756,0.3744474947452545,0.0,1.0000003576278687
416,Medium,22.233457565307617,35.23568344116211,0.6309926509857178,23.401611328125,0.9500823616981506,1.0000001192092896,2.607057571411133,0.3835742473602295,0.0,1.0000001192092896
417,Medium,23.294666290283203,36.291194915771484,0.641882061958313,24.514312744140625,0.950247585773468,1.0000001192092896,2.5750222206115723,0.38834619522094727,0.0,1.0000001192092896
418,Medium,22.127229690551758,34.75883483886719,0.6365929841995239,23.17916488647461,0.9546172022819519,1.000000238418579,2.6430916786193848,0.37834489345550537,0.0,1.000000238418579
419,Medium,23.083660125732422,35.066646575927734,0.6582796573638916,24.024696350097656,0.9608304500579834,1.000000238418579,2.5397067070007324,0.39374634623527527,0.0,1.000000238418579
400,Low,6.181375980377197,10.242644309997559,0.6034941673278809,5.4825439453125,1.1274648904800415,1.000001072883606,3.549931049346924,0.2816959023475647,0.0,1.000001072883606
401,Low,5.702103614807129,9.40978717803955,0.6059758067131042,4.672523498535156,1.2203477621078491,1.0000005960464478,3.9189224243164062,0.25517234206199646,0.0,1.0000005960464478
402,Low,5.942979335784912,9.626876831054688,0.6173320412635803,4.9878082275390625,1.1915011405944824,1.0000004768371582,3.8059747219085693,0.2627449035644531,0.0,1.0000004768371582
403,Low,5.972795486450195,9.709461212158203,0.61515212059021,4.873176574707031,1.225647211074829,1.0000003576278687,3.715204954147339,0.2691642642021179,0.0,1.0000003576278687
404,Low,5.2914347648620605,9.20159912109375,0.5750560164451599,4.223876953125,1.2527436017990112,1.000000238418579,3.508699655532837,0.28500592708587646,0.0,1.000000238418579
405,Low,5.640115261077881,9.865952491760254,0.5716747045516968,4.6017913818359375,1.2256346940994263,1.0000007152557373,3.7322354316711426,0.2679361402988434,0.0,1.0000007152557373
406,Low,5.633625030517578,9.56319808959961,0.5890942811965942,4.821952819824219,1.1683285236358643,1.0000004768371582,3.4863228797912598,0.28683531284332275,0.0,1.0000004768371582
407,Low,5.725627899169922,9.749268531799316,0.587287962436676,4.7951202392578125,1.194053053855896,1.000000238418579,3.316025972366333,0.30156585574150085,0.0,1.000000238418579
408,Low,5.566068172454834,9.627033233642578,0.578170657157898,4.647560119628906,1.1976323127746582,1.0000003576278687,3.2207038402557373,0.3104912340641022,0.0,1.0000003576278687
409,Low,5.269233703613281,8.909895896911621,0.5913911461830139,4.31982421875,1.21977961063385,1.0000004768371582,3.1591577529907227,0.3165402114391327,0.0,1.0000004768371582
410,Low,4.760922431945801,8.999978065490723,0.5289926528930664,4.00433349609375,1.188942551612854,1.0000001192092896,3.120173215866089,0.320495069026947,0.0,1.0000001192092896
411,Low,5.252869606018066,9.60665512084961,0.5467948317527771,4.4609527587890625,1.1775219440460205,1.0000001192092896,3.092379093170166,0.3233756422996521,0.0,1.0000001192092896
412,Low,5.008316516876221,9.068095207214355,0.5523008108139038,3.8247451782226562,1.3094509840011597,1.0000001192092896,3.2298226356506348,0.3096145689487457,0.0,1.0000001192092896
413,Low,5.346124172210693,8.8336820602417,0.6051977276802063,4.476169586181641,1.1943525075912476,1.0000001192092896,3.2581663131713867,0.3069211542606354,0.0,1.0000001192092896
414,Low,4.76469087600708,8.365398406982422,0.569571316242218,4.153919219970703,1.147035002708435,1.000000238418579,2.9429569244384766,0.339794397354126,0.0,1.000000238418579
415,Low,4.843257904052734,7.891170501708984,0.6137565970420837,3.9912872314453125,1.2134575843811035,1.0000003576278687,2.902020215988159,0.34458765387535095,0.0,1.0000003576278687
416,Low,5.007500171661377,8.123055458068848,0.6164552569389343,4.24151611328125,1.1805920600891113,1.000000238418579,2.889066696166992,0.34613263607025146,0.0,1.000000238418579
417,Low,4.702884674072266,8.185287475585938,0.574553370475769,4.010231018066406,1.1727216243743896,1.0000003576278687,2.8500349521636963,0.35087302327156067,0.0,1.0000003576278687
418,Low,5.08489990234375,8.518708229064941,0.596909761428833,4.747791290283203,1.0710031986236572,1.000000238418579,2.9379658699035645,0.34037163853645325,0.0,1.000000238418579
419,Low,5.067576885223389,8.231070518493652,0.6156643629074097,4.583393096923828,1.1056387424468994,1.000000238418579,2.821322202682495,0.35444381833076477,0.0,1.000000238418579
420,High,37.28715133666992,38.22622299194336,0.9754338264465332,37.28720474243164,0.9999985694885254,1.0,1.1956287622451782,0.8363800048828125,0.0,1.0
421,High,37.0322380065918,38.0543327331543,0.9731411933898926,37.032310485839844,0.9999980330467224,1.0000003576278687,1.212921380996704,0.8244560360908508,0.0,1.0000003576278687
422,High,35.322505950927734,36.603145599365234,0.9650128483772278,35.32260513305664,0.9999971985816956,1.000000238418579,1.2667787075042725,0.789404034614563,0.0,1.000000238418579
423,High,34.73224639892578,36.00008773803711,0.9647822976112366,34.73232650756836,0.9999976754188538,1.0000001192092896,1.2641162872314453,0.791066586971283,0.0,1.0000001192092896
424,High,35.227020263671875,36.33315658569336,0.9695557355880737,35.22708511352539,0.999998152256012,1.000000238418579,1.2304308414459229,0.8127236366271973,0.0,1.000000238418579
425,High,35.652320861816406,36.79305648803711,0.9689959287643433,35.65238952636719,0.9999980926513672,1.000000238418579,1.2376377582550049,0.8079910278320312,0.0,1.000000238418579
426,High,36.130863189697266,37.175960540771484,0.9718878269195557,36.13092803955078,0.9999982118606567,1.0000001192092896,1.2177149057388306,0.8212103843688965,0.0,1.0000001192092896
427,High,36.25245666503906,37.54222106933594,0.9656449556350708,36.25252914428711,0.9999979734420776,1.0000001192092896,1.268684983253479,0.7882178425788879,0.0,1.0000001192092896
428,High,34.43070602416992,35.29963684082031,0.9753841161727905,34.4307746887207,0.9999980330467224,0.9999998211860657,1.181014060974121,0.8467298150062561,0.0,0.9999998211860657
429,High,34.682518005371094,35.496707916259766,0.9770629405975342,34.682586669921875,0.9999980330467224,1.0000003576278687,1.1696094274520874,0.8549865484237671,0.0,1.0000003576278687
430,High,34.19590759277344,34.91438293457031,0.9794217944145203,34.19598388671875,0.9999977946281433,0.9999998211860657,1.149666428565979,0.8698173761367798,0.0,0.9999998211860657
431,High,34.3399772644043,35.26498794555664,0.9737697243690491,34.340057373046875,0.9999976754188538,1.000000238418579,1.1926939487457275,0.8384382724761963,0.0,1.000000238418579
432,High,33.45066833496094,34.19259262084961,0.9783015847206116,33.45075225830078,0.9999974966049194,1.0000001192092896,1.1545495986938477,0.866138756275177,0.0,1.0000001192092896
433,High,32.83647918701172,33.327274322509766,0.9852734804153442,32.83656311035156,0.9999974370002747,1.0000001192092896,1.1022331714630127,0.9072491526603699,0.0,1.0000001192092896
434,High,33.29896926879883,33.824092864990234,0.9844748377799988,33.299072265625,0.9999969005584717,1.0,1.1093782186508179,0.9014058113098145,0.0,1.0
435,High,32.40761947631836,32.93783950805664,0.9839023947715759,32.40771484375,0.999997079372406,1.0000001192092896,1.1104440689086914,0.9005407094955444,0.0,1.0000001192092896
436,High,32.4824104309082,32.80440902709961,0.9901843070983887,32.48249816894531,0.9999973177909851,1.000000238418579,1.0670636892318726,0.9371514320373535,0.0,1.000000238418579
437,High,32.579200744628906,32.877994537353516,0.9909120202064514,32.57930374145508,0.9999968409538269,1.000000238418579,1.0622271299362183,0.941418468952179,0.0,1.000000238418579
438,High,31.43825912475586,31.556703567504883,0.9962466359138489,31.4383602142334,0.9999967813491821,1.000000238418579,1.0246552228927612,0.9759382605552673,0.0,1.000000238418579
439,High,31.72199249267578,32.03056335449219,0.9903663396835327,31.72287368774414,0.9999722242355347,1.0,1.0625293254852295,0.9411504864692688,0.0,1.0
420,Medium,22.18764877319336,34.48597717285156,0.6433817744255066,23.12346649169922,0.9595295190811157,1.0,2.3111889362335205,0.4326777458190918,0.0,1.0
421,Medium,22.368200302124023,33.805973052978516,0.6616641283035278,23.19887924194336,0.9641931653022766,1.0000003576278687,2.302114725112915,0.434383362531662,0.0,1.0000003576278687
422,Medium,22.60638427734375,32.99626541137695,0.6851195096969604,23.474597930908203,0.9630147814750671,1.000000238418579,2.4001431465148926,0.4166419208049774,0.0,1.000000238418579
423,Medium,22.036212921142578,32.08432388305664,0.6868218183517456,22.844356536865234,0.9646239280700684,1.0000001192092896,2.390432834625244,0.41833433508872986,0.0,1.0000001192092896
424,Medium,21.657957077026367,32.78163146972656,0.6606735587120056,22.507335662841797,0.9622621536254883,1.000000238418579,2.338557481765747,0.42761412262916565,0.0,1.000000238418579
425,Medium,22.023935317993164,33.00126647949219,0.6673663854598999,22.828128814697266,0.9647718071937561,1.000000238418579,2.32155704498291,0.4307454824447632,0.0,1.000000238418579
426,Medium,21.927209854125977,33.521488189697266,0.6541240215301514,22.798316955566406,0.9617907404899597,1.0000001192092896,2.3546719551086426,0.4246876537799835,0.0,1.0000001192092896
427,Medium,21.80640411376953,33.202144622802734,0.6567769646644592,22.58547592163086,0.9655055999755859,1.0000001192092896,2.4101438522338867,0.41491302847862244,0.0,1.0000001192092896
428,Medium,21.79833221435547,31.912839889526367,0.6830583810806274,22.453231811523438,0.9708327054977417,1.0000001192092896,2.245164632797241,0.44540169835090637,0.0,1.0000001192092896
429,Medium,21.472036361694336,31.661396026611328,0.6781771779060364,22.081512451171875,0.9723988175392151,1.0000003576278687,2.2151312828063965,0.4514406621456146,0.0,1.0000003576278687
430,Medium,22.15996742248535,31.421876907348633,0.7052400708198547,22.866683959960938,0.9690940380096436,1.0000001192092896,2.185077667236328,0.45764967799186707,0.0,1.0000001192092896
431,Medium,21.640369415283203,31.215497970581055,0.693257212638855,22.658859252929688,0.9550511240959167,1.000000238418579,2.2422845363616943,0.44597384333610535,0.0,1.000000238418579
432,Medium,21.32826042175293,30.649930953979492,0.6958665251731873,21.957408905029297,0.9713468551635742,1.0000001192092896,2.174201726913452,0.45993897318840027,0.0,1.0000001192092896
433,Medium,20.87203598022461,29.743457794189453,0.7017353773117065,21.21469497680664,0.9838480353355408,1.0000001192092896,2.0541915893554688,0.4868095815181732,0.0,1.0000001192092896
434,Medium,21.760629653930664,29.89423942565918,0.7279204726219177,22.204544067382812,0.9800079464912415,1.0000001192092896,2.068408727645874,0.48346349596977234,0.0,1.0000001192092896
435,Medium,21.645727157592773,29.511154174804688,0.7334761023521423,22.0087890625,0.9835037589073181,1.0000001192092896,2.1056599617004395,0.47491055727005005,0.0,1.0000001192092896
436,Medium,21.749427795410156,29.68134880065918,0.7327641248703003,22.256038665771484,0.9772371649742126,1.000000238418579,2.061002016067505,0.48520100116729736,0.0,1.000000238418579
437,Medium,21.55084991455078,29.400880813598633,0.7330001592636108,22.13925552368164,0.9734225273132324,1.000000238418579,2.006168842315674,0.49846264719963074,0.0,1.000000238418579
438,Medium,21.04537010192871,28.37913703918457,0.7415789365768433,21.314760208129883,0.9873613119125366,1.000000238418579,1.9619877338409424,0.5096873044967651,0.0,1.000000238418579
439,Medium,21.074769973754883,28.721601486206055,0.7337602376937866,21.30136489868164,0.9893624186515808,1.0000001192092896,2.04508113861084,0.48897820711135864,0.0,1.0000001192092896
420,Low,5.30232572555542,8.692742347717285,0.6099715828895569,5.427898406982422,0.9768653512001038,1.0,2.6145310401916504,0.3824777603149414,0.0,1.0
421,Low,5.142160892486572,8.296120643615723,0.619827151298523,5.076717376708984,1.0128909349441528,1.0000003576278687,2.573838233947754,0.38852494955062866,0.0,1.0000003576278687
422,Low,5.080658435821533,8.15096664428711,0.6233197450637817,4.895717620849609,1.037775993347168,1.000000238418579,2.6748430728912354,0.37385380268096924,0.0,1.000000238418579
423,Low,4.856962203979492,7.874683380126953,0.6167818903923035,4.831081390380859,1.0053571462631226,1.0000001192092896,2.644376754760742,0.3781609833240509,0.0,1.0000001192092896
424,Low,4.459612846374512,7.34193754196167,0.6074163317680359,4.252193450927734,1.0487793684005737,1.000000238418579,2.588275909423828,0.3863576650619507,0.0,1.000000238418579
425,Low,4.373298168182373,7.6469950675964355,0.5718976259231567,4.169795989990234,1.0488039255142212,1.0000003576278687,2.590475559234619,0.3860296308994293,0.0,1.0000003576278687
426,Low,4.292440891265869,7.210051536560059,0.5953412055969238,4.115421295166016,1.0430136919021606,1.000000238418579,2.5998520851135254,0.38463735580444336,0.0,1.000000238418579
427,Low,4.5806121826171875,7.974862098693848,0.5743813514709473,4.404243469238281,1.040045142173767,1.0000001192092896,2.6801841259002686,0.37310874462127686,0.0,1.0000001192092896
428,Low,4.234173774719238,7.160965442657471,0.5912853479385376,3.8932762145996094,1.0875605344772339,1.0000001192092896,2.4845306873321533,0.4024905562400818,0.0,1.0000001192092896
429,Low,4.742229461669922,7.6697468757629395,0.6183032393455505,4.389427185058594,1.0803754329681396,1.0000003576278687,2.4784414768218994,0.40347951650619507,0.0,1.0000003576278687
430,Low,4.492994785308838,7.479404926300049,0.6007155179977417,4.178340911865234,1.0753059387207031,1.0000001192092896,2.423001289367676,0.41271135210990906,0.0,1.0000001192092896
431,Low,4.720950126647949,7.676029205322266,0.6150250434875488,4.373294830322266,1.0794950723648071,1.000000238418579,2.4677536487579346,0.4052269458770752,0.0,1.000000238418579
432,Low,4.199751377105713,6.819363117218018,0.6158568263053894,4.074577331542969,1.0307207107543945,1.0000001192092896,2.3984434604644775,0.41693711280822754,0.0,1.0000001192092896
433,Low,4.289122581481934,7.14540958404541,0.6002626419067383,4.161109924316406,1.030764102935791,1.000000238418579,2.3003292083740234,0.4347204864025116,0.0,1.000000238418579
434,Low,4.114593982696533,6.911327838897705,0.5953406095504761,4.020820617675781,1.0233219861984253,1.0000001192092896,2.2801828384399414,0.4385613799095154,0.0,1.0000001192092896
435,Low,4.796783924102783,6.895732879638672,0.6956162452697754,5.002494812011719,0.9588783383369446,1.0000001192092896,2.2699332237243652,0.44054165482521057,0.0,1.0000001192092896
436,Low,4.390437126159668,7.086631774902344,0.6195379495620728,4.447750091552734,0.9871141910552979,1.000000238418579,2.274751901626587,0.43960848450660706,0.0,1.000000238418579
437,Low,4.575406074523926,6.994507312774658,0.6541427373886108,4.724117279052734,0.9685208201408386,1.000000238418579,2.238699197769165,0.44668808579444885,0.0,1.000000238418579
438,Low,4.4368672370910645,6.4843645095825195,0.6842408776283264,4.7272491455078125,0.9385727643966675,1.000000238418579,2.157700777053833,0.463456392288208,0.0,1.000000238418579
439,Low,4.719130516052246,6.828071594238281,0.6911366581916809,5.091827392578125,0.9268049001693726,1.000000238418579,2.2361667156219482,0.4471939504146576,0.0,1.000000238418579
440,High,31.84355354309082,32.232242584228516,0.9879409670829773,31.84406280517578,0.9999840259552002,1.0000003576278687,1.1210262775421143,0.8920400738716125,0.0,1.0000003576278687
441,High,32.492183685302734,32.65622329711914,0.9949767589569092,32.49235534667969,0.999994695186615,1.000000238418579,1.2269659042358398,0.8150187730789185,0.0,1.000000238418579
442,High,35.93901443481445,36.38453674316406,0.9877551794052124,35.93939971923828,0.9999892711639404,1.0000001192092896,1.4086556434631348,0.7098968029022217,0.0,1.0000001192092896
443,High,35.333106994628906,36.02265930175781,0.980857789516449,35.333248138427734,0.9999960064888,1.0000001192092896,1.552186131477356,0.6442527174949646,0.0,1.0000001192092896
444,High,35.24843978881836,36.28812026977539,0.97134929895401,35.24858093261719,0.9999960064888,1.0,1.5807571411132812,0.6326082348823547,0.0,1.0
445,High,37.64703369140625,38.70869445800781,0.9725730419158936,37.647274017333984,0.999993622303009,1.0,1.716385006904602,0.582619845867157,0.0,1.0
446,High,40.15771484375,41.172664642333984,0.975348949432373,40.15787887573242,0.9999958872795105,1.0000001192092896,1.681823492050171,0.594592809677124,0.0,1.0000001192092896
447,High,42.21585464477539,43.67449951171875,0.9666019082069397,42.21596908569336,0.9999973177909851,1.0,1.8087255954742432,0.5528754591941833,0.0,1.0
448,High,44.25629806518555,45.747554779052734,0.967402458190918,44.28458023071289,0.9993613362312317,1.000000238418579,1.8270206451416016,0.5473393201828003,0.0,1.000000238418579
449,High,46.924720764160156,48.800777435302734,0.9615568518638611,46.95219039916992,0.9994149208068848,1.0000004768371582,1.8480746746063232,0.5411039590835571,0.0,1.0000004768371582
450,High,48.91468048095703,50.89148712158203,0.96115642786026,48.96222686767578,0.9990289211273193,1.000000238418579,2.0334808826446533,0.4917677044868469,0.0,1.000000238418579
451,High,52.824424743652344,55.49193572998047,0.9519297480583191,52.835357666015625,0.9997930526733398,1.000000238418579,2.209352970123291,0.45262131094932556,0.0,1.000000238418579
452,High,54.79480743408203,58.302085876464844,0.9398429989814758,55.15562438964844,0.9934582114219666,1.000000238418579,2.5289714336395264,0.3954177796840668,0.0,1.000000238418579
453,High,54.303062438964844,57.38235855102539,0.9463372230529785,54.37189483642578,0.9987340569496155,1.0000007152557373,2.3832807540893555,0.41958996653556824,0.0,1.0000007152557373
454,High,54.860557556152344,58.65032196044922,0.9353837370872498,55.07414245605469,0.996121883392334,0.9999998807907104,2.4454617500305176,0.40892067551612854,0.0,0.9999998807907104
455,High,54.144927978515625,58.404842376708984,0.9270623326301575,54.232913970947266,0.9983776211738586,1.000000238418579,2.425541877746582,0.4122790992259979,0.0,1.000000238418579
456,High,56.033634185791016,60.49972152709961,0.9261800050735474,56.16615676879883,0.9976405501365662,1.0000004768371582,2.427128314971924,0.41200971603393555,0.0,1.0000004768371582
457,High,57.53215408325195,62.77008819580078,0.9165536761283875,57.822078704833984,0.9949859380722046,1.000000238418579,2.3584847450256348,0.42400115728378296,0.0,1.000000238418579
458,High,59.15288543701172,64.16187286376953,0.92193204164505,59.55216979980469,0.9932951927185059,1.0000001192092896,2.3756890296936035,0.42093056440353394,0.0,1.0000001192092896
459,High,59.416603088378906,65.10098266601562,0.9126836657524109,59.53937530517578,0.9979379773139954,1.0000003576278687,2.588312864303589,0.38635218143463135,0.0,1.0000003576278687
440,Medium,21.068761825561523,28.806852340698242,0.7313802242279053,21.593177795410156,0.9757137894630432,1.0000003576278687,2.176926374435425,0.4593634307384491,0.0,1.0000003576278687
441,Medium,21.79607582092285,29.499435424804688,0.7388641834259033,22.305706024169922,0.9771524667739868,1.000000238418579,2.323134660720825,0.43045297265052795,0.0,1.000000238418579
442,Medium,23.5936336517334,32.53779602050781,0.7251147031784058,24.370071411132812,0.9681397080421448,1.0000001192092896,2.6989433765411377,0.3705154061317444,0.0,1.0000001192092896
443,Medium,23.542530059814453,32.11758041381836,0.7330107092857361,23.773101806640625,0.9903011322021484,1.0000001192092896,2.931173801422119,0.34116029739379883,0.0,1.0000001192092896
444,Medium,23.68390464782715,32.61118698120117,0.726250946521759,23.908206939697266,0.9906181693077087,1.0000001192092896,3.0103931427001953,0.33218255639076233,0.0,1.0000001192092896
445,Medium,24.3563232421875,34.435882568359375,0.7072948813438416,24.526912689208984,0.9930447936058044,1.0000001192092896,3.260941743850708,0.30665990710258484,0.0,1.0000001192092896
446,Medium,25.965778350830078,37.233638763427734,0.697374165058136,26.31705093383789,0.9866522550582886,1.0000008344650269,3.145914316177368,0.31787288188934326,0.0,1.0000008344650269
447,Medium,25.430404663085938,38.920711517333984,0.6533900499343872,26.14206314086914,0.972777247428894,1.0000001192092896,3.3759002685546875,0.29621732234954834,0.0,1.0000001192092896
448,Medium,25.385828018188477,40.89851760864258,0.620702862739563,26.141796112060547,0.9710820317268372,1.000000238418579,3.4541797637939453,0.28950440883636475,0.0,1.000000238418579
449,Medium,26.974153518676758,43.87458801269531,0.614801287651062,28.101032257080078,0.9598990082740784,1.0000004768371582,3.4600605964660645,0.28901243209838867,0.0,1.0000004768371582
450,Medium,27.260251998901367,45.53669738769531,0.5986436009407043,28.7122802734375,0.9494283199310303,1.000000238418579,3.8280060291290283,0.2612326741218567,0.0,1.000000238418579
451,Medium,28.068225860595703,49.67715072631836,0.5650128126144409,30.0404052734375,0.9343491196632385,1.000000238418579,4.190011024475098,0.23866291344165802,0.0,1.000000238418579
452,Medium,29.4787654876709,52.25131607055664,0.5641726851463318,31.513580322265625,0.9354305267333984,1.000000238418579,4.7939934730529785,0.208594411611557,0.0,1.000000238418579
453,Medium,29.81499481201172,51.683616638183594,0.5768751502037048,32.25862121582031,0.9242488741874695,1.0000007152557373,4.509568214416504,0.2217508852481842,0.0,1.0000007152557373
454,Medium,29.825510025024414,52.34408950805664,0.5697970986366272,32.01002502441406,0.9317553043365479,1.000000238418579,4.611860752105713,0.2168322652578354,0.0,1.000000238418579
455,Medium,29.13469696044922,52.44034194946289,0.5555779337882996,31.418865203857422,0.927299439907074,1.000000238418579,4.5876851081848145,0.21797490119934082,0.0,1.000000238418579
456,Medium,27.979406356811523,54.493499755859375,0.5134448409080505,30.479053497314453,0.9179880619049072,1.0000004768371582,4.682440280914307,0.2135639637708664,0.0,1.0000004768371582
457,Medium,28.16042709350586,56.50139617919922,0.49840232729911804,31.230609893798828,0.9016931653022766,1.000000238418579,4.321086406707764,0.23142333328723907,0.0,1.000000238418579
458,Medium,28.367534637451172,57.492794036865234,0.49341025948524475,31.002243041992188,0.9150155782699585,1.0000001192092896,4.5749335289001465,0.21858243644237518,0.0,1.0000001192092896
459,Medium,29.323772430419922,58.52759552001953,0.5010247230529785,32.133026123046875,0.9125742316246033,1.0000003576278687,4.8188910484313965,0.20751670002937317,0.0,1.0000003576278687
440,Low,4.472935676574707,7.231461524963379,0.6185382604598999,4.389732360839844,1.0189540386199951,1.0000003576278687,2.448800563812256,0.40836334228515625,0.0,1.0000003576278687
441,Low,4.7723541259765625,6.986618518829346,0.6830706596374512,4.846160888671875,0.9847700595855713,1.000000238418579,2.5955097675323486,0.3852808475494385,0.0,1.000000238418579
442,Low,5.051295757293701,7.349735260009766,0.6872758865356445,4.8721466064453125,1.0367701053619385,1.0000001192092896,3.005807876586914,0.3326893150806427,0.0,1.0000001192092896
443,Low,5.3774213790893555,8.128368377685547,0.6615622043609619,5.408580780029297,0.9942389130592346,1.0000001192092896,3.309211015701294,0.30218687653541565,0.0,1.0000001192092896
444,Low,4.837412357330322,7.652279376983643,0.6321531534194946,4.883014678955078,0.9906610250473022,1.0000001192092896,3.3022725582122803,0.3028217852115631,0.0,1.0000001192092896
445,Low,4.60682487487793,7.880474090576172,0.5845872759819031,4.717109680175781,0.9766202569007874,1.000000238418579,3.6615874767303467,0.273105651140213,0.0,1.000000238418579
446,Low,5.349406719207764,9.017853736877441,0.593201756477356,5.26220703125,1.0165709257125854,1.0000008344650269,3.461871862411499,0.28886130452156067,0.0,1.0000008344650269
447,Low,4.970211505889893,8.94107723236084,0.5558850765228271,4.856040954589844,1.0235110521316528,1.0000001192092896,3.73944091796875,0.267419695854187,0.0,1.0000001192092896
448,Low,5.258191108703613,9.870681762695312,0.5327079892158508,5.16497802734375,1.0180470943450928,1.000000238418579,3.7802724838256836,0.2645312547683716,0.0,1.000000238418579
449,Low,5.002562522888184,9.923047065734863,0.5041357278823853,5.1681060791015625,0.967968225479126,1.0000004768371582,3.8830220699310303,0.2575314939022064,0.0,1.0000004768371582
450,Low,5.521477222442627,10.689220428466797,0.5165463089942932,5.602684020996094,0.9855057597160339,1.000000238418579,4.209193706512451,0.2375752478837967,0.0,1.000000238418579
451,Low,5.7882080078125,11.823734283447266,0.4895414412021637,4.909332275390625,1.1790214776992798,1.000000238418579,4.790958404541016,0.20872655510902405,0.0,1.000000238418579
452,Low,6.156650066375732,12.052978515625,0.5107990503311157,5.172607421875,1.1902410984039307,1.000000238418579,5.30308723449707,0.18856945633888245,0.0,1.000000238418579
453,Low,6.5440874099731445,12.81307315826416,0.5107352137565613,5.673393249511719,1.1534696817398071,1.0000007152557373,4.968624591827393,0.20126308500766754,0.0,1.0000007152557373
454,Low,6.297935485839844,11.914323806762695,0.5286020040512085,5.395729064941406,1.1672074794769287,1.000000238418579,5.033122539520264,0.19868385791778564,0.0,1.000000238418579
455,Low,6.6020097732543945,12.404804229736328,0.5322139263153076,5.6802520751953125,1.1622741222381592,1.000000238418579,5.187154293060303,0.19278398156166077,0.0,1.000000238418579
456,Low,5.6804609298706055,12.08530330657959,0.4700304865837097,4.501518249511719,1.2618988752365112,1.0000004768371582,5.070983409881592,0.19720050692558289,0.0,1.0000004768371582
457,Low,6.018932342529297,13.721076011657715,0.4386633038520813,4.210472106933594,1.4295148849487305,1.0000003576278687,4.809861183166504,0.20790627598762512,0.0,1.0000003576278687
458,Low,6.1568450927734375,13.61931037902832,0.4520673155784607,4.49859619140625,1.3686147928237915,1.0000001192092896,5.073232173919678,0.1971130222082138,0.0,1.0000001192092896
459,Low,6.139538764953613,12.780936241149902,0.48036691546440125,4.230316162109375,1.4513190984725952,1.0000003576278687,5.370874404907227,0.18618948757648468,0.0,1.0000003576278687
460,High,60.247703552246094,65.79720306396484,0.9156575202941895,60.543827056884766,0.995108962059021,1.000000238418579,2.5629115104675293,0.3901813328266144,0.0,1.000000238418579
461,High,60.117183685302734,65.16857147216797,0.9224873781204224,60.18305206298828,0.9989055395126343,1.000000238418579,2.7350330352783203,0.36562639474868774,0.0,1.000000238418579
462,High,60.00651550292969,65.53604888916016,0.9156261086463928,60.17683410644531,0.9971696734428406,1.000000238418579,2.4626641273498535,0.40606439113616943,0.0,1.000000238418579
463,High,60.444175720214844,67.10051727294922,0.9008004665374756,60.57726287841797,0.9978030323982239,1.0000003576278687,2.629364252090454,0.3803202211856842,0.0,1.0000003576278687
464,High,60.68455123901367,67.90958404541016,0.893608033657074,60.89291000366211,0.9965782761573792,1.0000001192092896,2.586153030395508,0.38667476177215576,0.0,1.0000001192092896
465,High,60.93320846557617,67.71636199951172,0.8998299241065979,61.13463592529297,0.996705174446106,1.0,2.8513131141662598,0.35071560740470886,0.0,1.0
466,High,61.37284469604492,68.825927734375,0.8917111158370972,61.44599914550781,0.9988094568252563,1.0000001192092896,2.6596083641052246,0.3759952485561371,0.0,1.0000001192092896
467,High,60.3983268737793,67.70397186279297,0.8920943140983582,60.49359130859375,0.9984251856803894,1.000000238418579,2.6628024578094482,0.3755442798137665,0.0,1.000000238418579
468,High,59.07617950439453,66.291015625,0.8911641836166382,59.22005081176758,0.9975705742835999,0.9999998807907104,2.7809441089630127,0.3595900535583496,0.0,0.9999998807907104
469,High,59.609283447265625,67.03771209716797,0.8891903162002563,59.714744567871094,0.9982339143753052,1.000000238418579,2.7298593521118164,0.36631932854652405,0.0,1.000000238418579
470,High,60.092960357666016,67.52896881103516,0.8898841738700867,60.24677658081055,0.9974468946456909,1.000000238418579,2.842733144760132,0.3517742156982422,0.0,1.000000238418579
471,High,60.078636169433594,68.47381591796875,0.877395749092102,60.384681701660156,0.9949317574501038,1.000000238418579,2.7462000846862793,0.3641396164894104,0.0,1.000000238418579
472,High,60.062652587890625,67.67727661132812,0.8874862790107727,60.235107421875,0.9971369504928589,1.000000238418579,2.7633755207061768,0.36187633872032166,0.0,1.000000238418579
473,High,60.971866607666016,68.33330535888672,0.8922715783119202,61.18670654296875,0.9964888095855713,1.000000238418579,2.720515727996826,0.367577463388443,0.0,1.000000238418579
474,High,60.79140090942383,68.20462036132812,0.8913091421127319,61.15829849243164,0.9940008521080017,0.9999998807907104,2.536991596221924,0.39416760206222534,0.0,0.9999998807907104
475,High,61.993125915527344,69.97579193115234,0.8859224915504456,62.36090087890625,0.9941024780273438,1.0000001192092896,2.6427383422851562,0.3783954381942749,0.0,1.0000001192092896
476,High,60.644744873046875,67.96894073486328,0.8922420144081116,60.880558013916016,0.996126651763916,0.9999998807907104,2.765469551086426,0.36160221695899963,0.0,0.9999998807907104
477,High,61.26279067993164,68.79931640625,0.8904563784599304,61.5156364440918,0.9958897233009338,1.0000004768371582,2.6890909671783447,0.37187305092811584,0.0,1.0000004768371582
478,High,59.36213302612305,67.3658447265625,0.8811903595924377,59.872955322265625,0.9914682507514954,1.0000001192092896,2.5883283615112305,0.38634979724884033,0.0,1.0000001192092896
479,High,58.89863586425781,66.86679077148438,0.8808354139328003,59.511390686035156,0.9897035956382751,1.000000238418579,2.6964004039764404,0.3708648979663849,0.0,1.000000238418579
460,Medium,29.631662368774414,58.105037689208984,0.5099672079086304,32.1143913269043,0.9226911067962646,1.000000238418579,4.84443998336792,0.20642225444316864,0.0,1.000000238418579
461,Medium,29.79287338256836,58.003517150878906,0.5136390924453735,32.415061950683594,0.9191058874130249,1.000000238418579,5.112305641174316,0.19560649991035461,0.0,1.000000238418579
462,Medium,30.124109268188477,58.517356872558594,0.5147892832756042,32.93586730957031,0.9146292805671692,1.000000238418579,4.741034507751465,0.21092447638511658,0.0,1.000000238418579
463,Medium,29.913986206054688,59.464752197265625,0.5030540823936462,32.536529541015625,0.9193969368934631,1.0000003576278687,4.893871784210205,0.2043372541666031,0.0,1.0000003576278687
464,Medium,30.7751407623291,60.34041976928711,0.5100253224372864,33.60805130004883,0.9157074093818665,1.0000001192092896,4.9478373527526855,0.20210853219032288,0.0,1.0000001192092896
465,Medium,31.36821174621582,61.006317138671875,0.5141797065734863,33.942108154296875,0.924168050289154,1.0000001192092896,5.326302528381348,0.187747523188591,0.0,1.0000001192092896
466,Medium,30.83079719543457,61.541778564453125,0.5009734630584717,33.89189147949219,0.9096806049346924,1.000000238418579,4.971914768218994,0.20112980902194977,0.0,1.000000238418579
467,Medium,30.322601318359375,59.55255889892578,0.5091737508773804,33.403961181640625,0.90775465965271,1.000000238418579,5.008863925933838,0.19964611530303955,0.0,1.000000238418579
468,Medium,29.53131675720215,59.78158187866211,0.4939868748188019,32.18546676635742,0.9175357818603516,1.000000238418579,5.206176280975342,0.1920796036720276,0.0,1.000000238418579
469,Medium,31.129053115844727,60.038482666015625,0.5184850096702576,33.91632843017578,0.917819082736969,1.000000238418579,5.262711048126221,0.19001618027687073,0.0,1.000000238418579
470,Medium,31.735759735107422,60.340335845947266,0.5259460210800171,34.35508346557617,0.9237573146820068,1.000000238418579,5.454912185668945,0.1833210587501526,0.0,1.000000238418579
471,Medium,31.090957641601562,60.85108184814453,0.5109351873397827,33.775115966796875,0.9205285310745239,1.000000238418579,5.126410484313965,0.19506831467151642,0.0,1.000000238418579
472,Medium,30.992584228515625,60.56924819946289,0.5116884708404541,33.69541931152344,0.919786274433136,1.000000238418579,5.18290901184082,0.19294188916683197,0.0,1.000000238418579
473,Medium,28.88353729248047,61.56744384765625,0.4691365361213684,32.00323486328125,0.9025192856788635,1.000000238418579,5.269673824310303,0.1897651106119156,0.0,1.000000238418579
474,Medium,29.49947166442871,61.020267486572266,0.48343726992607117,31.988231658935547,0.9221976399421692,1.0000001192092896,4.868702411651611,0.20539355278015137,0.0,1.0000001192092896
475,Medium,31.17353057861328,61.73448944091797,0.5049613118171692,33.789955139160156,0.9225679636001587,1.0000001192092896,4.913802623748779,0.2035084068775177,0.0,1.0000001192092896
476,Medium,31.3896484375,61.52407455444336,0.5102010369300842,34.479122161865234,0.9103958010673523,1.0000001192092896,5.187185764312744,0.19278278946876526,0.0,1.0000001192092896
477,Medium,31.142623901367188,61.19698715209961,0.5088914632797241,33.79048538208008,0.9216388463973999,1.0000004768371582,5.0403971672058105,0.19839715957641602,0.0,1.0000004768371582
478,Medium,29.660079956054688,60.40021514892578,0.49105918407440186,31.741188049316406,0.9344350695610046,1.0000001192092896,4.874043941497803,0.2051684707403183,0.0,1.0000001192092896
479,Medium,29.291963577270508,60.86935043334961,0.4812268018722534,31.24231719970703,0.9375733137130737,1.000000238418579,5.104190826416016,0.19591748714447021,0.0,1.000000238418579
460,Low,5.816742420196533,13.045042991638184,0.44589677453041077,4.0892181396484375,1.422458291053772,1.000000238418579,5.3673601150512695,0.18631137907505035,0.0,1.000000238418579
461,Low,6.090975761413574,14.204660415649414,0.42880120873451233,4.462318420410156,1.3649801015853882,1.000000238418579,5.543355464935303,0.1803961992263794,0.0,1.000000238418579
462,Low,6.071756362915039,14.11845588684082,0.430058091878891,4.3176422119140625,1.406266689300537,1.000000238418579,5.3121795654296875,0.1882466971874237,0.0,1.000000238418579
463,Low,5.846225738525391,13.828116416931152,0.4227781593799591,4.1971435546875,1.392905831336975,1.0000003576278687,5.355515480041504,0.18672345578670502,0.0,1.0000003576278687
464,Low,6.574544906616211,14.994233131408691,0.43847155570983887,5.1723785400390625,1.2710872888565063,1.0000001192092896,5.587870121002197,0.17895908653736115,0.0,1.0000001192092896
465,Low,5.9623823165893555,13.941163063049316,0.4276818335056305,4.42724609375,1.3467473983764648,1.0000001192092896,5.9254255294799805,0.16876427829265594,0.0,1.0000001192092896
466,Low,6.207464694976807,15.059967994689941,0.41218313574790955,4.4502410888671875,1.3948602676391602,1.000000238418579,5.395884037017822,0.185326486825943,0.0,1.000000238418579
467,Low,6.431169033050537,13.998595237731934,0.4594153165817261,4.662078857421875,1.379463791847229,1.000000238418579,5.669766426086426,0.176374152302742,0.0,1.000000238418579
468,Low,6.267573833465576,13.772736549377441,0.4550710618495941,4.645927429199219,1.3490468263626099,1.000000238418579,5.7658891677856445,0.1734338253736496,0.0,1.000000238418579
469,Low,7.0172224044799805,14.018317222595215,0.5005752444267273,5.284912109375,1.3277841806411743,1.000000238418579,5.986262798309326,0.16704916954040527,0.0,1.000000238418579
470,Low,7.1367082595825195,14.061540603637695,0.5075339078903198,5.6351776123046875,1.2664567232131958,1.000000238418579,6.073334693908691,0.1646542251110077,0.0,1.000000238418579
471,Low,6.459610462188721,13.672537803649902,0.47245144844055176,4.5225677490234375,1.428305983543396,1.000000238418579,5.771609306335449,0.17326194047927856,0.0,1.000000238418579
472,Low,6.69558572769165,14.711694717407227,0.45511993765830994,5.0565185546875,1.3241493701934814,1.000000238418579,5.816832542419434,0.17191490530967712,0.0,1.000000238418579
473,Low,5.979750156402588,14.028365135192871,0.42626136541366577,4.291282653808594,1.3934645652770996,1.000000238418579,5.783627986907959,0.17290189862251282,0.0,1.000000238418579
474,Low,5.768301486968994,14.511216163635254,0.3975064158439636,4.2434234619140625,1.3593509197235107,1.0000001192092896,5.4855265617370605,0.18229793012142181,0.0,1.0000001192092896
475,Low,6.353991985321045,14.049904823303223,0.45224449038505554,4.565116882324219,1.3918575048446655,1.0000001192092896,5.513415813446045,0.18137578666210175,0.0,1.0000001192092896
476,Low,6.401313781738281,13.839872360229492,0.46252694725990295,4.925384521484375,1.2996577024459839,1.0000001192092896,5.75729513168335,0.1736927032470703,0.0,1.0000001192092896
477,Low,6.546500205993652,14.16057014465332,0.46230486035346985,5.107025146484375,1.2818617820739746,1.0000004768371582,5.589190483093262,0.17891687154769897,0.0,1.0000004768371582
478,Low,6.787663459777832,14.367560386657715,0.4724297821521759,5.5279388427734375,1.227883219718933,1.0000001192092896,5.522497653961182,0.1810775101184845,0.0,1.0000001192092896
479,Low,6.100502967834473,13.774489402770996,0.4428841471672058,4.840576171875,1.260284423828125,1.000000238418579,5.559004783630371,0.17988835275173187,0.0,1.000000238418579
480,High,58.56621551513672,66.5469970703125,0.8800730109214783,59.14198684692383,0.9902645945549011,1.000000238418579,2.577756404876709,0.3879343569278717,0.0,1.000000238418579
481,High,58.43387985229492,65.56578826904297,0.8912251591682434,58.66014099121094,0.9961428642272949,1.0,2.5817549228668213,0.3873334228992462,0.0,1.0
482,High,57.00973129272461,63.896728515625,0.8922167420387268,57.124488830566406,0.9979910850524902,1.0,2.467940092086792,0.4051962196826935,0.0,1.0
483,High,56.40256881713867,62.97759246826172,0.8955973982810974,56.51472473144531,0.9980154633522034,1.0,2.40797758102417,0.41528627276420593,0.0,1.0
484,High,57.22435760498047,64.6754379272461,0.8847927451133728,57.35789108276367,0.997671902179718,1.0000001192092896,2.4287850856781006,0.41172853112220764,0.0,1.0000001192092896
485,High,57.447288513183594,64.74213409423828,0.8873246312141418,57.68404769897461,0.9958955645561218,1.000000238418579,2.421156644821167,0.413025826215744,0.0,1.000000238418579
486,High,55.736488342285156,62.959678649902344,0.885272741317749,56.06980895996094,0.9940552711486816,1.000000238418579,2.1840620040893555,0.4578625559806824,0.0,1.000000238418579
487,High,56.4782829284668,63.670101165771484,0.8870456218719482,56.59715270996094,0.9978997111320496,1.000000238418579,2.1712965965270996,0.46055442094802856,0.0,1.000000238418579
488,High,54.36496353149414,61.59347152709961,0.8826416730880737,54.613277435302734,0.9954532384872437,0.9999998211860657,2.2128076553344727,0.4519144892692566,0.0,0.9999998211860657
489,High,55.43904495239258,62.83621597290039,0.882278561592102,55.675933837890625,0.9957452416419983,1.000000238418579,2.1783385276794434,0.45906558632850647,0.0,1.000000238418579
490,High,54.28009033203125,61.237281799316406,0.8863896131515503,54.42790603637695,0.9972841739654541,1.0,2.0749804973602295,0.48193225264549255,0.0,1.0
491,High,53.73771667480469,60.02318572998047,0.8952826261520386,53.86792755126953,0.9975827932357788,1.000000238418579,2.0819408893585205,0.48032113909721375,0.0,1.000000238418579
492,High,53.03201675415039,59.74734115600586,0.8876046538352966,53.294185638427734,0.9950807094573975,1.000000238418579,2.1427032947540283,0.4667002856731415,0.0,1.000000238418579
493,High,53.56183624267578,59.652069091796875,0.897904098033905,53.86862564086914,0.9943048357963562,1.0000005960464478,2.167954206466675,0.46126464009284973,0.0,1.0000005960464478
494,High,52.54410934448242,59.36349868774414,0.8851248621940613,52.877159118652344,0.9937014579772949,1.0000001192092896,1.898830533027649,0.526639997959137,0.0,1.0000001192092896
495,High,51.37527847290039,58.23218536376953,0.8822488188743591,51.79559326171875,0.9918851256370544,1.000000238418579,1.8278006315231323,0.5471057295799255,0.0,1.000000238418579
496,High,50.88127517700195,58.16364288330078,0.8747951984405518,51.17025375366211,0.9943525791168213,0.9999998211860657,1.809687614440918,0.5525814294815063,0.0,0.9999998211860657
497,High,51.787845611572266,58.112430572509766,0.8911663889884949,51.865718841552734,0.9984985589981079,1.0000001192092896,1.9922375679016113,0.5019482374191284,0.0,1.0000001192092896
498,High,50.98219680786133,57.82833480834961,0.8816127181053162,51.74318313598633,0.9852930307388306,1.000000238418579,1.808681607246399,0.5528890490531921,0.0,1.000000238418579
499,High,50.28837966918945,56.957611083984375,0.8829088807106018,51.23857116699219,0.9814555644989014,1.0000003576278687,2.0501558780670166,0.4877679646015167,0.0,1.0000003576278687
480,Medium,28.70157814025879,59.19845962524414,0.4848365783691406,29.900074005126953,0.9599166512489319,1.000000238418579,4.959178924560547,0.2016463279724121,0.0,1.000000238418579
481,Medium,28.87753677368164,58.66551971435547,0.49224036931991577,31.37969207763672,0.9202619791030884,1.000000238418579,4.963308334350586,0.20147857069969177,0.0,1.000000238418579
482,Medium,29.235963821411133,56.79513931274414,0.514761745929718,31.234825134277344,0.9360053539276123,1.0000001192092896,4.6866044998168945,0.21337412297725677,0.0,1.0000001192092896
483,Medium,29.025094985961914,56.92758560180664,0.5098599195480347,30.704208374023438,0.9453132748603821,1.0,4.45863676071167,0.22428379952907562,0.0,1.0
484,Medium,29.647655487060547,57.70574951171875,0.5137729644775391,32.141117095947266,0.9224214553833008,1.0000001192092896,4.638410568237305,0.21559111773967743,0.0,1.0000001192092896
485,Medium,29.6445255279541,57.88555908203125,0.5121229887008667,31.300708770751953,0.9470880031585693,1.000000238418579,4.510226249694824,0.2217184156179428,0.0,1.000000238418579
486,Medium,28.701967239379883,56.20969009399414,0.5106230974197388,30.202598571777344,0.9503145217895508,1.000000238418579,4.193121910095215,0.23848584294319153,0.0,1.000000238418579
487,Medium,29.07508087158203,57.414371490478516,0.5064077377319336,31.563262939453125,0.9211683869361877,1.000000238418579,4.0997843742370605,0.24391531944274902,0.0,1.000000238418579
488,Medium,28.383888244628906,54.704986572265625,0.5188537836074829,30.095096588134766,0.9431399703025818,1.000000238418579,4.162426471710205,0.2402445375919342,0.0,1.000000238418579
489,Medium,28.461181640625,55.81777572631836,0.509894609451294,30.901344299316406,0.9210337996482849,1.000000238418579,4.010655403137207,0.2493358701467514,0.0,1.000000238418579
490,Medium,28.691795349121094,54.767295837402344,0.5238855481147766,30.821414947509766,0.9309045672416687,1.0000001192092896,3.947181224822998,0.2533453702926636,0.0,1.0000001192092896
491,Medium,28.354063034057617,53.56824493408203,0.5293073058128357,29.784645080566406,0.9519691467285156,1.0000003576278687,3.957941770553589,0.2526566684246063,0.0,1.0000003576278687
492,Medium,27.840843200683594,52.619384765625,0.529098629951477,29.087421417236328,0.9571437239646912,1.000000238418579,4.047706127166748,0.24705356359481812,0.0,1.000000238418579
493,Medium,27.19691276550293,53.32154083251953,0.510054886341095,29.037837982177734,0.9366025328636169,1.0000005960464478,4.126221656799316,0.24235260486602783,0.0,1.0000005960464478
494,Medium,27.35146141052246,53.33636474609375,0.5128107666969299,29.041259765625,0.9418138861656189,1.0000007152557373,3.6159071922302246,0.27655595541000366,0.0,1.0000007152557373
495,Medium,27.029409408569336,51.936885833740234,0.5204280018806458,27.831459045410156,0.9711819291114807,1.000000238418579,3.430349588394165,0.2915155589580536,0.0,1.000000238418579
496,Medium,27.627696990966797,51.75802993774414,0.5337857007980347,28.560688018798828,0.9673330187797546,1.000000238418579,3.3898093700408936,0.29500192403793335,0.0,1.000000238418579
497,Medium,27.5185546875,52.122440338134766,0.5279598236083984,28.46445083618164,0.9667692184448242,1.000000238418579,3.713843584060669,0.2692628800868988,0.0,1.000000238418579
498,Medium,26.58904266357422,52.161983489990234,0.509739875793457,26.92325210571289,0.9875865578651428,1.000000238418579,3.5188515186309814,0.28418371081352234,0.0,1.000000238418579
499,Medium,26.167360305786133,50.539791107177734,0.5177575945854187,26.251312255859375,0.9968019723892212,1.0000003576278687,3.8946328163146973,0.2567636966705322,0.0,1.0000003576278687
480,Low,6.517058372497559,13.915353775024414,0.4683358073234558,5.974098205566406,1.0908857583999634,1.000000238418579,5.472997665405273,0.1827152669429779,0.0,1.000000238418579
481,Low,5.7119293212890625,13.397421836853027,0.4263454079627991,4.804954528808594,1.1887582540512085,1.000000238418579,5.530740737915039,0.18080765008926392,0.0,1.000000238418579
482,Low,5.985219478607178,13.403579711914062,0.44653886556625366,5.015464782714844,1.1933529376983643,1.0000001192092896,5.2781829833984375,0.1894591599702835,0.0,1.0000001192092896
483,Low,6.184585094451904,13.83724308013916,0.44695210456848145,5.456123352050781,1.1335127353668213,1.0000001192092896,5.045169353485107,0.19820941984653473,0.0,1.0000001192092896
484,Low,6.347448348999023,13.13953971862793,0.4830799698829651,5.194549560546875,1.221943974494934,1.0000001192092896,5.085361003875732,0.1966428905725479,0.0,1.0000001192092896
485,Low,6.313889026641846,14.011350631713867,0.4506267309188843,5.719085693359375,1.1040031909942627,1.000000238418579,5.115324020385742,0.19549109041690826,0.0,1.000000238418579
486,Low,6.256080627441406,13.093757629394531,0.47779107093811035,5.4307403564453125,1.1519756317138672,1.000000238418579,4.675281524658203,0.2138909101486206,0.0,1.000000238418579
487,Low,6.000471591949463,13.009535789489746,0.4612364172935486,5.074729919433594,1.1824218034744263,1.000000238418579,4.627154350280762,0.21611559391021729,0.0,1.000000238418579
488,Low,6.293877601623535,13.435593605041504,0.46844804286956787,5.098602294921875,1.2344319820404053,1.000000238418579,4.663035869598389,0.2144526094198227,0.0,1.000000238418579
489,Low,6.380125522613525,13.055214881896973,0.4887032210826874,4.98583984375,1.2796491384506226,1.000000238418579,4.49531364440918,0.22245393693447113,0.0,1.000000238418579
490,Low,6.427587985992432,13.19093132019043,0.487273246049881,5.614494323730469,1.1448204517364502,1.0000001192092896,4.379480361938477,0.2283376157283783,0.0,1.0000001192092896
491,Low,6.238495349884033,12.90708065032959,0.48333898186683655,5.316902160644531,1.173332691192627,1.0000003576278687,4.546810150146484,0.21993449330329895,0.0,1.0000003576278687
492,Low,6.2967352867126465,12.856514930725098,0.48976999521255493,5.435508728027344,1.1584445238113403,1.000000238418579,4.535309791564941,0.2204921543598175,0.0,1.000000238418579
493,Low,5.840489387512207,12.208854675292969,0.4783814251422882,4.913970947265625,1.1885478496551514,1.0000005960464478,4.4546122550964355,0.2244865596294403,0.0,1.0000005960464478
494,Low,6.28419303894043,12.875577926635742,0.4880707561969757,5.112068176269531,1.2292858362197876,1.0000008344650269,4.056931495666504,0.2464919239282608,0.0,1.0000008344650269
495,Low,6.224345684051514,12.396707534790039,0.5020966529846191,5.44793701171875,1.1425142288208008,1.000000238418579,3.728620767593384,0.2681957483291626,0.0,1.000000238418579
496,Low,5.619813919067383,11.940253257751465,0.4706611931324005,4.75323486328125,1.1823135614395142,1.000000238418579,3.799304962158203,0.2632060945034027,0.0,1.000000238418579
497,Low,5.661291599273682,12.190512657165527,0.4644014239311218,5.0590972900390625,1.1190320253372192,1.000000238418579,4.057243347167969,0.2464728206396103,0.0,1.000000238418579
498,Low,5.612419128417969,11.726059913635254,0.47862786054611206,4.929756164550781,1.1384780406951904,1.000000238418579,3.932940721511841,0.2542627155780792,0.0,1.000000238418579
499,Low,5.936720371246338,12.073348045349121,0.49172112345695496,5.2370147705078125,1.1336077451705933,1.0000003576278687,4.204283237457275,0.23785275220870972,0.0,1.0000003576278687
